,RMSE,MAE,R2
Linear Regression,18.658002845102303,13.073689484712702,0.9999071928876084
Random Forest,117.5592895807413,77.33732057351773,0.9963156162671996
